<?xml version="1.0" encoding="UTF-8"?>
<project-private xmlns="http://www.netbeans.org/ns/project-private/1">
    <editor-bookmarks xmlns="http://www.netbeans.org/ns/editor-bookmarks/2" lastBookmarkId="0"/>
    <open-files xmlns="http://www.netbeans.org/ns/projectui-open-files/2">
        <group>
            <file>file:/C:/Users/Legion/Documents/Clases/Computación/Estructura%20de%20Datos/Proyecto/ProyectoFinalEstructuradeDatos/src/proyectofinalestructuradedatos/Card.java</file>
            <file>file:/C:/Users/Legion/Documents/Clases/Computación/Estructura%20de%20Datos/Proyecto/ProyectoFinalEstructuradeDatos/src/proyectofinalestructuradedatos/Player.java</file>
            <file>file:/C:/Users/Legion/Documents/Clases/Computación/Estructura%20de%20Datos/Proyecto/ProyectoFinalEstructuradeDatos/src/proyectofinalestructuradedatos/War.java</file>
            <file>file:/C:/Users/Legion/Documents/Clases/Computación/Estructura%20de%20Datos/Proyecto/ProyectoFinalEstructuradeDatos/src/proyectofinalestructuradedatos/Deck.java</file>
            <file>file:/C:/Users/Legion/Documents/Clases/Computación/Estructura%20de%20Datos/Proyecto/ProyectoFinalEstructuradeDatos/src/proyectofinalestructuradedatos/WarFrame.java</file>
            <file>file:/C:/Users/Legion/Documents/Clases/Computación/Estructura%20de%20Datos/Proyecto/ProyectoFinalEstructuradeDatos/src/proyectofinalestructuradedatos/ProyectoFinalEstructuradeDatos.java</file>
            <file>file:/C:/Users/Legion/Documents/Clases/Computación/Estructura%20de%20Datos/Proyecto/ProyectoFinalEstructuradeDatos/src/proyectofinalestructuradedatos/WarManager.java</file>
        </group>
    </open-files>
</project-private>
